id;address;email;password;name
4ebdeeda-1b9b-44db-8e73-c989c4980478;one-to-one Wooden;Reilly63@hotmail.com;Dynamic;Buckinghamshire
56d918d9-6258-4494-b499-478f1057167e;Path Missouri Chief;Daphnee_Willms30@yahoo.com;Platinum Savings;synthesize circuit Clothing
62bb1805-8b06-4ded-bd89-1868c6327565;Internal Regional;Rachelle_Monahan@yahoo.com;yellow tolerance;Chicken Plastic Frozen
ae1e8507-8a34-441a-b2bd-63d793ed7e16;Checking;Wilbert_Stehr@gmail.com;relationships Account back-end;payment website Operative
bec67dcf-8f23-49b4-8062-0a1bbbcc3ff7;District Ball content;Shea96@yahoo.com;Washington synergistic Direct;focus Naira Home
9c794b58-b2f6-4554-a3f3-7ae619a4804e;Somali withdrawal Rustic;Ashleigh_Smitham@yahoo.com;e-commerce;Handmade 1080p
4d0a28d2-5f09-4385-8991-d7fe1f9b9bf4;Carolina Monitored generating;Adrien.Larson57@hotmail.com;Concrete 1080p;Car Soft
42e25b86-6c79-4ad0-9d41-ba61fba88129;Nicaragua salmon Borders;Clyde_Jenkins70@hotmail.com;teal Savings Crest;cross-platform Bedfordshire Saint
6880483c-b2e9-4d8d-9344-c46a13c95883;Planner AGP;Wayne2@gmail.com;Savings;hack Loan monitor
fce18f4c-61e3-429d-9680-b03818a6915b;Guam orchestration;Kellen_Dare@gmail.com;projection;reboot Mauritania
