id;title;category;price
83859343-61d3-4f25-bc6a-f9d9cc6d65a3;Baby toolset Chair;quantifying;83998
5beded26-7756-4b41-991b-3cead1a32850;Facilitator Assistant dedicated;Rubber multi-byte;98507
6558eebb-2e05-4b55-80d2-535c674a50c9;Outdoors;panel Loan;27521
53babacf-2e48-4274-a319-24b458ac0ab8;lavender well-modulated;Gold foreground;92122
757cd9b1-5f03-4c84-b698-f8bd7562cbdd;value-added HTTP Markets;Configurable;40783
c420be6a-20db-48a6-9907-d93aed561f80;orange Branding hacking;Shoes Towels HTTP;53195
8357fb74-d098-4933-a39a-3615fc5ffef1;XSS;parsing;27079
8598576e-4bc0-4fb3-bfdb-232e91cd8806;Inlet Customer;iterate programming;88370
bf8e92d5-6911-41ac-80a1-898e28a6f839;Skyway Legacy Auto;JSON magnetic Account;47201
5f41a424-f8d6-4e13-a51e-da96c164c18e;firewall bypass Outdoors;Pennsylvania Koruna Computers;32936
